<monitor>
        <name>AmazonMonitor</name>
        <type>managed</type>
        <description>Amazon cloud watch monitor</description>
        <monitor-configuration></monitor-configuration>
        <monitor-run-task>
                <execution-style>periodic</execution-style>
                <execution-frequency-in-seconds>60</execution-frequency-in-seconds>
                <name>Amazon Cloud Watch Monitor Run Task</name>
                <display-name>Cloud Watch Monitor Task</display-name>
                <description>Cloud Watch Monitor Task</description>
                <type>java</type>
                <execution-timeout-in-secs>60</execution-timeout-in-secs>
                <task-arguments>
                </task-arguments>
                <java-task>
                    <classpath>AmazonMonitor.jar;lib/aws-java-sdk-1.5.6.jar;lib/commons-codec-1.8.jar;lib/log4j-1.2.15.jar;lib/machineagent.jar;lib/httpclient-4.2.3.jar;lib/httpcore-4.2.jar;lib/commons-logging-1.1.1.jar</classpath>
                        <impl-class>com.appdynamics.monitors.amazon.AmazonCloudWatchMonitor</impl-class>
                </java-task>
        </monitor-run-task>
</monitor>
